{
  "name": "nba",
  "entities": [
    {
      "label": "Team",
      "wd_source": "Q13393265",
      "wd_is_instance": true,
      "wd_include_subclasses": true,
      "wd_constraints": [
        "$LINKED_TO(P118,Q155223)",
        "$HAS_PROPERTY(P361)"
      ],
      "properties": [
        {
          "label": "inception_year",
          "wd_source": "P571",
          "wd_constraints": [],
          "datatype": "int",
          "quantity_unit": null,
          "quantity_convert_unit": false,
          "is_year": true,
          "disable": false
        },
        {
          "label": "owners",
          "wd_source": "P127",
          "wd_constraints": [],
          "datatype": "list[str]",
          "quantity_unit": null,
          "quantity_convert_unit": false,
          "is_year": false,
          "disable": false
        },
        {
          "label": "head_coach",
          "wd_source": "P286",
          "wd_constraints": [],
          "datatype": "str",
          "quantity_unit": null,
          "quantity_convert_unit": false,
          "is_year": false,
          "disable": false
        }
      ],
      "wd_sparql": "?item wdt:P31/wdt:P279* wd:Q13393265. ?item wdt:P118 wd:Q155223. ?item wdt:P361 [].",
      "wd_sparql_roots": [],
      "disable": false
    },
    {
      "label": "Player",
      "wd_source": "Q5",
      "wd_is_instance": true,
      "wd_include_subclasses": false,
      "wd_constraints": [
        "$FROM_RELATION(playsFor)"
      ],
      "properties": [
        {
          "label": "country_of_citizenship",
          "wd_source": "P27",
          "wd_constraints": [],
          "datatype": "list[str]",
          "quantity_unit": null,
          "quantity_convert_unit": false,
          "is_year": false,
          "disable": false
        },
        {
          "label": "place_of_birth",
          "wd_source": "P19",
          "wd_constraints": [],
          "datatype": "str",
          "quantity_unit": null,
          "quantity_convert_unit": false,
          "is_year": false,
          "disable": false
        },
        {
          "label": "gender",
          "wd_source": "P21",
          "wd_constraints": [],
          "datatype": "str",
          "quantity_unit": null,
          "quantity_convert_unit": false,
          "is_year": false,
          "disable": false
        },
        {
          "label": "date_of_birth",
          "wd_source": "P569",
          "wd_constraints": [],
          "datatype": "date",
          "quantity_unit": null,
          "quantity_convert_unit": false,
          "is_year": false,
          "disable": false
        },
        {
          "label": "date_of_death",
          "wd_source": "P570",
          "wd_constraints": [],
          "datatype": "date",
          "quantity_unit": null,
          "quantity_convert_unit": false,
          "is_year": false,
          "disable": false
        },
        {
          "label": "height_cm",
          "wd_source": "P2048",
          "wd_constraints": [],
          "datatype": "float",
          "quantity_unit": "centimetre",
          "quantity_convert_unit": true,
          "is_year": false,
          "disable": false
        },
        {
          "label": "mass_kg",
          "wd_source": "P2067",
          "wd_constraints": [],
          "datatype": "float",
          "quantity_unit": "kilogram",
          "quantity_convert_unit": true,
          "is_year": false,
          "disable": false
        },
        {
          "label": "nicknames",
          "wd_source": "P1449",
          "wd_constraints": [],
          "datatype": "list[str]",
          "quantity_unit": null,
          "quantity_convert_unit": false,
          "is_year": false,
          "disable": false
        },
        {
          "label": "handedness",
          "wd_source": "P552",
          "wd_constraints": [],
          "datatype": "str",
          "quantity_unit": null,
          "quantity_convert_unit": false,
          "is_year": false,
          "disable": false
        },
        {
          "label": "schools_attended",
          "wd_source": "P69",
          "wd_constraints": [],
          "datatype": "list[str]",
          "quantity_unit": null,
          "quantity_convert_unit": false,
          "is_year": false,
          "disable": false
        }
      ],
      "wd_sparql": "?item wdt:P31 wd:Q5. ?root wdt:P31/wdt:P279* wd:Q13393265. ?root wdt:P118 wd:Q155223. ?root wdt:P361 []. ?root ((^ps:P54)/(^p:P54)) ?item.",
      "wd_sparql_roots": [
        "Team"
      ],
      "disable": false
    },
    {
      "label": "Venue",
      "wd_source": "Q1076486",
      "wd_is_instance": true,
      "wd_include_subclasses": true,
      "wd_constraints": [
        "$FROM_RELATION(hasHomeVenue)"
      ],
      "properties": [],
      "wd_sparql": "?item wdt:P31/wdt:P279* wd:Q1076486. ?root wdt:P31/wdt:P279* wd:Q13393265. ?root wdt:P118 wd:Q155223. ?root wdt:P361 []. ?root (p:P115/ps:P115) ?item.",
      "wd_sparql_roots": [
        "Team"
      ],
      "disable": false
    },
    {
      "label": "Division",
      "wd_source": "Q3032333",
      "wd_is_instance": true,
      "wd_include_subclasses": true,
      "wd_constraints": [
        "$FROM_RELATION(partOfDivision)"
      ],
      "properties": [],
      "wd_sparql": "?item wdt:P31/wdt:P279* wd:Q3032333. ?root wdt:P31/wdt:P279* wd:Q13393265. ?root wdt:P118 wd:Q155223. ?root wdt:P361 []. ?root wdt:P361 ?item.",
      "wd_sparql_roots": [
        "Team"
      ],
      "disable": false
    },
    {
      "label": "Position",
      "wd_source": "Q1148974",
      "wd_is_instance": true,
      "wd_include_subclasses": true,
      "wd_constraints": [
        "$FROM_RELATION(playsPosition)"
      ],
      "properties": [],
      "wd_sparql": "?item wdt:P31/wdt:P279* wd:Q1148974. ?root wdt:P31/wdt:P279* wd:Q13393265. ?root wdt:P118 wd:Q155223. ?root wdt:P361 []. ?root (((^ps:P54)/(^p:P54))/wdt:P413) ?item.",
      "wd_sparql_roots": [
        "Team"
      ],
      "disable": false
    },
    {
      "label": "Award",
      "wd_source": "Q15229207",
      "wd_is_instance": true,
      "wd_include_subclasses": true,
      "wd_constraints": [
        "$FROM_RELATION(receivesAward)"
      ],
      "properties": [],
      "wd_sparql": "?item wdt:P31/wdt:P279* wd:Q15229207. ?root wdt:P31/wdt:P279* wd:Q13393265. ?root wdt:P118 wd:Q155223. ?root wdt:P361 []. ?root (((^ps:P54)/(^p:P54))/(p:P166/ps:P166)) ?item.",
      "wd_sparql_roots": [
        "Team"
      ],
      "disable": false
    },
    {
      "label": "Conference",
      "wd_source": "Q2992826",
      "wd_is_instance": true,
      "wd_include_subclasses": true,
      "wd_constraints": [
        "$FROM_RELATION(partOfConference)"
      ],
      "properties": [],
      "wd_sparql": "?item wdt:P31/wdt:P279* wd:Q2992826. ?root wdt:P31/wdt:P279* wd:Q13393265. ?root wdt:P118 wd:Q155223. ?root wdt:P361 []. ?root (wdt:P361/wdt:P361) ?item.",
      "wd_sparql_roots": [
        "Team"
      ],
      "disable": false
    }
  ],
  "relations": [
    {
      "label": "playsFor",
      "wd_source": "P54",
      "wd_source_suffix": null,
      "wd_qualifier_pid": null,
      "wd_is_transitive": false,
      "wd_rank_filter": "non_deprecated",
      "subj_label": "Player",
      "obj_label": "Team",
      "properties": [
        {
          "label": "start_year",
          "wd_source": "P580",
          "allow_multiple": true,
          "is_qualifier": true,
          "datatype": "int",
          "quantity_unit": null,
          "quantity_convert_unit": false,
          "is_year": true,
          "disable": false
        },
        {
          "label": "end_year",
          "wd_source": "P582",
          "allow_multiple": true,
          "is_qualifier": true,
          "datatype": "int",
          "quantity_unit": null,
          "quantity_convert_unit": false,
          "is_year": true,
          "disable": false
        },
        {
          "label": "sport_number",
          "wd_source": "P1618",
          "allow_multiple": true,
          "is_qualifier": true,
          "datatype": "int",
          "quantity_unit": null,
          "quantity_convert_unit": false,
          "is_year": false,
          "disable": false
        }
      ],
      "wd_sparql": "?obj wdt:P31/wdt:P279* wd:Q13393265. ?obj wdt:P118 wd:Q155223. ?obj wdt:P361 []. ?subj p:P54 ?statement. ?statement ps:P54 ?obj. ?statement wikibase:rank ?rank. FILTER(?rank != wikibase:DeprecatedRank)",
      "wd_sparql_heads": [
        "obj"
      ],
      "disable": false
    },
    {
      "label": "draftedBy",
      "wd_source": "P647",
      "wd_source_suffix": null,
      "wd_qualifier_pid": null,
      "wd_is_transitive": false,
      "wd_rank_filter": "highest",
      "subj_label": "Player",
      "obj_label": "Team",
      "properties": [
        {
          "label": "year",
          "wd_source": "P585",
          "allow_multiple": true,
          "is_qualifier": true,
          "datatype": "int",
          "quantity_unit": null,
          "quantity_convert_unit": false,
          "is_year": true,
          "disable": false
        }
      ],
      "wd_sparql": "?obj wdt:P31/wdt:P279* wd:Q13393265. ?obj wdt:P118 wd:Q155223. ?obj wdt:P361 []. ?subj p:P647 ?statement. ?statement ps:P647 ?obj. ?subj wdt:P647 ?obj1. FILTER(?obj1 = ?obj)",
      "wd_sparql_heads": [
        "obj"
      ],
      "disable": false
    },
    {
      "label": "playsPosition",
      "wd_source": "P413",
      "wd_source_suffix": null,
      "wd_qualifier_pid": null,
      "wd_is_transitive": false,
      "wd_rank_filter": "highest",
      "subj_label": "Player",
      "obj_label": "Position",
      "properties": [],
      "wd_sparql": "?subj wdt:P31 wd:Q5. ?root1 wdt:P31/wdt:P279* wd:Q13393265. ?root1 wdt:P118 wd:Q155223. ?root1 wdt:P361 []. ?root1 ((^ps:P54)/(^p:P54)) ?subj. ?subj p:P413 ?statement. ?statement ps:P413 ?obj. ?subj wdt:P413 ?obj1. FILTER(?obj1 = ?obj)",
      "wd_sparql_heads": [
        "subj"
      ],
      "disable": false
    },
    {
      "label": "receivesAward",
      "wd_source": "P166",
      "wd_source_suffix": null,
      "wd_qualifier_pid": null,
      "wd_is_transitive": false,
      "wd_rank_filter": "non_deprecated",
      "subj_label": "Player",
      "obj_label": "Award",
      "properties": [
        {
          "label": "year",
          "wd_source": "P585",
          "allow_multiple": true,
          "is_qualifier": true,
          "datatype": "int",
          "quantity_unit": null,
          "quantity_convert_unit": false,
          "is_year": true,
          "disable": false
        }
      ],
      "wd_sparql": "?subj wdt:P31 wd:Q5. ?root1 wdt:P31/wdt:P279* wd:Q13393265. ?root1 wdt:P118 wd:Q155223. ?root1 wdt:P361 []. ?root1 ((^ps:P54)/(^p:P54)) ?subj. ?subj p:P166 ?statement. ?statement ps:P166 ?obj. ?statement wikibase:rank ?rank. FILTER(?rank != wikibase:DeprecatedRank)",
      "wd_sparql_heads": [
        "subj"
      ],
      "disable": false
    },
    {
      "label": "hasHomeVenue",
      "wd_source": "P115",
      "wd_source_suffix": null,
      "wd_qualifier_pid": null,
      "wd_is_transitive": false,
      "wd_rank_filter": "non_deprecated",
      "subj_label": "Team",
      "obj_label": "Venue",
      "properties": [
        {
          "label": "start_year",
          "wd_source": "P580",
          "allow_multiple": true,
          "is_qualifier": true,
          "datatype": "int",
          "quantity_unit": null,
          "quantity_convert_unit": false,
          "is_year": true,
          "disable": false
        },
        {
          "label": "end_year",
          "wd_source": "P582",
          "allow_multiple": true,
          "is_qualifier": true,
          "datatype": "int",
          "quantity_unit": null,
          "quantity_convert_unit": false,
          "is_year": true,
          "disable": false
        }
      ],
      "wd_sparql": "?subj wdt:P31/wdt:P279* wd:Q13393265. ?subj wdt:P118 wd:Q155223. ?subj wdt:P361 []. ?subj p:P115 ?statement. ?statement ps:P115 ?obj. ?statement wikibase:rank ?rank. FILTER(?rank != wikibase:DeprecatedRank)",
      "wd_sparql_heads": [
        "subj"
      ],
      "disable": false
    },
    {
      "label": "partOfDivision",
      "wd_source": "P361",
      "wd_source_suffix": null,
      "wd_qualifier_pid": null,
      "wd_is_transitive": false,
      "wd_rank_filter": "highest",
      "subj_label": "Team",
      "obj_label": "Division",
      "properties": [],
      "wd_sparql": "?subj wdt:P31/wdt:P279* wd:Q13393265. ?subj wdt:P118 wd:Q155223. ?subj wdt:P361 []. ?subj p:P361 ?statement. ?statement ps:P361 ?obj. ?subj wdt:P361 ?obj1. FILTER(?obj1 = ?obj)",
      "wd_sparql_heads": [
        "subj"
      ],
      "disable": false
    },
    {
      "label": "partOfConference",
      "wd_source": "P361",
      "wd_source_suffix": null,
      "wd_qualifier_pid": null,
      "wd_is_transitive": false,
      "wd_rank_filter": "highest",
      "subj_label": "Division",
      "obj_label": "Conference",
      "properties": [],
      "wd_sparql": "?subj wdt:P31/wdt:P279* wd:Q3032333. ?root1 wdt:P31/wdt:P279* wd:Q13393265. ?root1 wdt:P118 wd:Q155223. ?root1 wdt:P361 []. ?root1 wdt:P361 ?subj. ?subj p:P361 ?statement. ?statement ps:P361 ?obj. ?subj wdt:P361 ?obj1. FILTER(?obj1 = ?obj)",
      "wd_sparql_heads": [
        "subj"
      ],
      "disable": false
    }
  ]
}